"country","iso2","iso3","iso_numeric","g_whoregion","year","rep_meth","new_sp_coh","new_sp_cur","new_sp_cmplt","new_sp_died","new_sp_fail","new_sp_def","c_new_sp_tsr","new_snep_coh","new_snep_cmplt","new_snep_died","new_snep_fail","new_snep_def","c_new_snep_tsr","ret_coh","ret_cur","ret_cmplt","ret_died","ret_fail","ret_def","hiv_new_sp_coh","hiv_new_sp_cur","hiv_new_sp_cmplt","hiv_new_sp_died","hiv_new_sp_fail","hiv_new_sp_def","hiv_new_snep_coh","hiv_new_snep_cmplt","hiv_new_snep_died","hiv_new_snep_fail","hiv_new_snep_def","hiv_ret_coh","hiv_ret_cur","hiv_ret_cmplt","hiv_ret_died","hiv_ret_fail","hiv_ret_def","rel_with_new_flg","used_2021_defs_flg","newrel_coh","newrel_succ","newrel_fail","newrel_died","newrel_lost","c_new_tsr","ret_nrel_coh","ret_nrel_succ","ret_nrel_fail","ret_nrel_died","ret_nrel_lost","c_ret_tsr","tbhiv_coh","tbhiv_succ","tbhiv_fail","tbhiv_died","tbhiv_lost","c_tbhiv_tsr","mdr_coh","mdr_succ","mdr_fail","mdr_died","mdr_lost","xdr_coh","xdr_succ","xdr_fail","xdr_died","xdr_lost"
"Zambia","ZM","ZMB","894","AFR",1994,,,,,,,,,,,,,,,,,,,,,,,,,,,,,,,,,,,,,,,,,,,,,,,,,,,,,,,,,,,,,,,,,,,
"Zambia","ZM","ZMB","894","AFR",1995,100,5957,2815,1351,391,104,839,70,,,,,,,,,,,,,,,,,,,,,,,,,,,,,,,,,,,,,70,,,,,,,,,,,,,,,,,,,,,,
"Zambia","ZM","ZMB","894","AFR",1996,,,,,,,,,,,,,,,,,,,,,,,,,,,,,,,,,,,,,,,,,,,,,,,,,,,,,,,,,,,,,,,,,,,
"Zambia","ZM","ZMB","894","AFR",1997,,,,,,,,,,,,,,,,,,,,,,,,,,,,,,,,,,,,,,,,,,,,,,,,,,,,,,,,,,,,,,,,,,,
"Zambia","ZM","ZMB","894","AFR",1998,,,,,,,,,,,,,,,,,,,,,,,,,,,,,,,,,,,,,,,,,,,,,,,,,,,,,,,,,,,,,,,,,,,
"Zambia","ZM","ZMB","894","AFR",1999,100,11645,5808,2238,850,325,1023,69,,,,,,,1283,602,321,143,52,88,,,,,,,,,,,,,,,,,,,,,,,,,69,,,,,,72,,,,,,,,,,,,,,,,
"Zambia","ZM","ZMB","894","AFR",2000,100,7014,3348,1358,478,404,412,67,,,,,,,894,466,137,102,38,42,,,,,,,,,,,,,,,,,,,,,,,,,67,,,,,,67,,,,,,,,,,,,,,,,
"Zambia","ZM","ZMB","894","AFR",2001,100,13024,7246,2429,1450,87,766,74,,,,,,,4249,2533,1283,125,130,90,,,,,,,,,,,,,,,,,,,,,,,,,74,,,,,,90,,,,,,,,,,,,,,,,
"Zambia","ZM","ZMB","894","AFR",2002,100,16351,10410,2658,1811,467,665,80,,,,,,,1577,1001,203,224,36,53,,,,,,,,,,,,,,,,,,,,,,,,,80,,,,,,76,,,,,,,,,,,,,,,,
"Zambia","ZM","ZMB","894","AFR",2003,100,18934,12603,1599,1492,187,466,75,,,,,,,2248,1556,190,269,51,59,,,,,,,,,,,,,,,,,,,,,,,,,75,,,,,,78,,,,,,,,,,,,,,,,
"Zambia","ZM","ZMB","894","AFR",2004,100,17247,13108,1156,1363,172,414,83,,,,,,,2248,1593,161,295,40,58,,,,,,,,,,,,,,,,,,,,,,,,,83,,,,,,78,,,,,,,,,,,,,,,,
"Zambia","ZM","ZMB","894","AFR",2005,100,14857,11290,1180,1178,100,334,84,32915,28508,2061,53,797,87,5496,1309,3274,472,43,176,,,,,,,,,,,,,,,,,,,,,,,,,86,,,,,,83,,,,,,,,,,,,,,,,
"Zambia","ZM","ZMB","894","AFR",2006,100,14025,10762,1149,930,78,390,85,31900,26643,2222,85,979,84,5254,1519,2743,509,44,171,2185,1630,150,242,14,61,4661,3667,546,23,135,1053,313,533,101,11,35,,,,,,,,84,,,,,,81,,,,,,80,,,,,,,,,,
"Zambia","ZM","ZMB","894","AFR",2007,102,13378,10447,882,855,95,377,85,31204,25827,2331,13,999,83,5833,1386,3358,537,27,200,4880,3670,356,415,27,116,13587,10944,1332,35,337,2565,585,1462,279,18,77,,,,,,,,83,,,,,,81,,,,,,81,,,,,,,,,,
"Zambia","ZM","ZMB","894","AFR",2008,100,13173,10875,671,721,84,345,88,19344,15993,1583,25,607,83,2958,3,2373,280,4,115,4177,3259,264,313,13,137,9918,8145,890,6,280,1531,49,1166,191,3,49,,,,,,,,85,,,,,,80,,,,,,82,,,,,,,,,,
"Zambia","ZM","ZMB","894","AFR",2009,102,12995,10983,777,722,123,390,90,30071,27024,1964,22,1061,90,5444,1792,2893,488,49,222,,,,,,,,,,,,,,,,,,,,,,,,,90,,,,,,86,,,,,,,,,,,,,,,,
"Zambia","ZM","ZMB","894","AFR",2010,102,12639,10532,775,722,123,388,89,,,,,,,,,,,,,,,,,,,,,,,,,,,,,,,,,,,,,89,,,,,,,,,,,,,56,20,3,2,3,,,,,
"Zambia","ZM","ZMB","894","AFR",2011,102,12711,10463,671,561,126,412,88,,,,,,,,,,,,,,,,,,,,,,,,,,,,,,,,,,,,,88,,,,,,,,,,,,,79,23,2,2,3,,,,,
"Zambia","ZM","ZMB","894","AFR",2012,,,,,,,,,,,,,,,,,,,,,,,,,,,,,,,,,,,,,,1,,41056,34938,177,2116,1577,85,4529,3557,36,369,289,79,,,,,,,100,27,2,2,5,,,,,
"Zambia","ZM","ZMB","894","AFR",2013,,,,,,,,,,,,,,,,,,,,,,,,,,,,,,,,,,,,,,1,,39899,33923,172,2157,1453,85,4984,3981,47,414,247,80,,,,,,,58,19,2,7,27,0,0,0,0,0
"Zambia","ZM","ZMB","894","AFR",2014,,,,,,,,,,,,,,,,,,,,,,,,,,,,,,,,,,,,,,1,,37930,32111,221,2058,1559,85,4786,3821,28,389,280,80,,,,,,,68,35,1,11,20,0,0,0,0,0
"Zambia","ZM","ZMB","894","AFR",2015,,,,,,,,,,,,,,,,,,,,,,,,,,,,,,,,,,,,,,1,,36741,31243,145,2116,1633,85,4847,4055,28,393,217,84,20967,18312,71,1117,682,87,99,59,0,31,9,0,0,0,0,0
"Zambia","ZM","ZMB","894","AFR",2016,,,,,,,,,,,,,,,,,,,,,,,,,,,,,,,,,,,,,,1,,38326,33581,208,2227,1106,88,1827,1441,18,185,85,79,21655,18541,171,1354,705,86,136,96,0,22,13,0,0,0,0,0
"Zambia","ZM","ZMB","894","AFR",2017,,,,,,,,,,,,,,,,,,,,,,,,,,,,,,,,,,,,,,1,,36010,32312,162,2085,809,90,1193,994,14,106,57,83,20362,17527,136,1622,731,86,270,204,2,30,28,0,0,0,0,0
"Zambia","ZM","ZMB","894","AFR",2018,,,,,,,,,,,,,,,,,,,,,,,,,,,,,,,,,,,,,,1,,35071,31558,152,1951,822,90,851,747,47,8,39,88,20202,17879,113,1253,527,89,508,395,1,55,40,1,1,0,0,0
"Zambia","ZM","ZMB","894","AFR",2019,,,,,,,,,,,,,,,,,,,,,,,,,,,,,,,,,,,,,,1,,36150,32342,154,1892,1043,89,716,624,8,31,43,87,16424,14465,79,1031,427,88,494,370,61,5,43,6,5,1,0,0
"Zambia","ZM","ZMB","894","AFR",2020,,,,,,,,,,,,,,,,,,,,,,,,,,,,,,,,,,,,,,1,1,40000,36380,174,2002,899,91,726,636,13,34,31,88,14925,13449,69,854,332,90,489,386,12,44,33,3,2,0,1,0
"Zambia","ZM","ZMB","894","AFR",2021,,,,,,,,,,,,,,,,,,,,,,,,,,,,,,,,,,,,,,1,1,50075,46161,139,2298,1048,92,750,692,1,23,28,92,16272,14723,55,738,434,90,426,342,5,52,19,5,0,1,4,0
"Zambia","ZM","ZMB","894","AFR",2022,,,,,,,,,,,,,,,,,,,,,,,,,,,,,,,,,,,,,,1,1,54127,50209,115,2336,992,93,721,641,3,30,40,89,16866,15674,39,741,305,93,360,290,1,43,16,3,1,0,2,0
"Zambia","ZM","ZMB","894","AFR",2023,,,,,,,,,,,,,,,,,,,,,,,,,,,,,,,,,,,,,,1,1,54346,50163,101,2429,1304,92,402,361,1,34,5,90,16144,14744,40,862,346,91,,,,,,,,,,
